317880303,Jacquelyn Mulvihill,jmulvihill0,jjsubWG7Mk,1000
191692774,Webster Agent,wagent1,g5voxmlPPdzm,1000
579632260,Katusha Toone,ktoone2,aOpd1gKKnU,1000
863824769,Emelen Meenehan,emeenehan3,8W3GaWI,1000
988988788,Zandra Childe,zchilde4,DrBjwDlb7o,1000
597561846,Daniella Whiteford,dwhiteford5,RkhUAlB3vLgH,1000
705154431,Pavel McKenney,pmckenney6,oF1Nb5,1000
811859725,Svend Grandin,sgrandin7,NQd3Ar9s8,1000
709653908,Ruttger Touzey,rtouzey8,svICBrmS,1000
749683209,Zsa zsa Andreucci,zzsa9,z0xrBlfY,1000
398784719,Giles Brantl,gbrantla,Qi15dwgba,1000
213150864,Chantal Dearlove,cdearloveb,JvRk2x,1000
158199224,Petr Scyone,pscyonec,TZrTYWi2VM,1000
514164450,Alys Jozefowicz,ajozefowiczd,r9tzgl7jPE46,1000
858870365,Carmine Cristofalo,ccristofaloe,Bf2DK5CFhvy,1000
809804621,Gerladina Sambrok,gsambrokf,n2KgJislf9,1000
535939406,Daisie Hambatch,dhambatchg,MJkfdQK0,1000
134672971,Dorelle Leneham,dlenehamh,wrDNVA2,1000
223023730,Ronald Trevain,rtrevaini,3kN9Y9,1000
148074738,Paul Brisbane,pbrisbanej,HGNALaOMb8Ot,1000
562710578,Laural Babidge,lbabidgek,akKRYkWsD4wk,1000
933719558,Zerk Gonnet,zgonnetl,0sGVwKiyKEk,1000
703206195,Maribelle Pietrowski,mpietrowskim,3M2FMREJv,1000
402383413,Vincent Steeden,vsteedenn,LUpT8J6b,1000
278983262,Florette Bru,fbruo,TAPBxY2O6R,1000
123758160,Ree Durbridge,rdurbridgep,Q9ijoq,1000
418081553,Natalie Abrahim,nabrahimq,gtR5DtVU6L,1000
450911857,Daryl Coslett,dcoslettr,ABAHdZf2nkn,1000
788037041,Bud Reuter,breuters,qBsEigPxdRtV,1000
911005944,Renado Tomasino,rtomasinot,7hfcXdM3zig,1000
895541088,Liuka Stronge,lstrongeu,MvIU0ZF3yNao,1000
213583672,Judith Grisbrook,jgrisbrookv,mLmOLM,1000
751341622,Shaylyn Waszczyk,swaszczykw,Ll7Zn04Jzu,1000
273745873,Remy Dionsetto,rdionsettox,70cACG,1000
540805425,Darwin Shilburne,dshilburney,ZSHPA3B,1000
793220631,Guthrey Boater,gboaterz,fJgql9R4Rc,1000
610731933,Laurens Cecil,lcecil10,5M3H3r,1000
275405620,Cletis Mc Menamin,cmc11,qMCuw4c,1000
609688232,Corry Longshaw,clongshaw12,nOlxPutijyjn,1000
470439591,Berk Ziemecki,bziemecki13,zH18GiGjuG,1000
834469278,Pauletta Haselgrove,phaselgrove14,Y9msEcAcrKF,1000
171891192,Marlee McGeoch,mmcgeoch15,mcjwE3,1000
311660521,Brade Sagg,bsagg16,0AsqyfkKqGa,1000
602391791,Romeo Daybell,rdaybell17,nqeUUU,1000
761062438,Melantha Smallman,msmallman18,MQQJlXMf,1000
217791814,Chip Gilchriest,cgilchriest19,Zq3JfuJdTl,1000
279482465,Olivier Andryunin,oandryunin1a,g5jLqBPmt,1000
444995386,Eberto Jeffcoat,ejeffcoat1b,GwlILbXjrBsw,1000
211795704,Lauritz Surridge,lsurridge1c,6Qtxz6N8qcZ7,1000
334694998,Evey Offield,eoffield1d,puXaMo,1000
500233013,Maximilian Flucker,mflucker1e,LQTvbd0l,1000
592119467,Ilyse Ferras,iferras1f,eTWr2lDLGl,1000
168754088,Sella O'Kieran,sokieran1g,kW16Bs2M83,1000
839580368,Derek Youtead,dyoutead1h,wHXpIbTw,1000
743083298,Lynett Oliveti,loliveti1i,bhrqymcGs,1000
259241838,Flin Vause,fvause1j,yQCVWbOS,1000
798917021,Emmalynn Matevosian,ematevosian1k,sZYixgW,1000
327497788,Zacherie Cammacke,zcammacke1l,Yei6zkoUy,1000
527331310,Cly Ruberti,cruberti1m,umF3lYM1X,1000
164131815,Duff Liptrod,dliptrod1n,NYar5NMQ,1000
261277913,Udale Tourle,utourle1o,U0BRsI,1000
172480575,Letisha Lagneaux,llagneaux1p,1DdQwZ,1000
592581505,Derward Lloyds,dlloyds1q,ZkhNSNpl,1000
553962747,Selina Lewry,slewry1r,nDoRCdlLJp,1000
359793363,Viole Beedham,vbeedham1s,2QkBMU,1000
918295949,Adlai Crassweller,acrassweller1t,VnHwGx0,1000
513956921,Billie Jeanin,bjeanin1u,LdCC5b02oj,1000
222674182,Rosmunda Brade,rbrade1v,vqozzEJ,1000
458890944,Fred Borrow,fborrow1w,5sGvu66aOL5Y,1000
849871887,Dudley Gow,dgow1x,MkfIYdBOMq0,1000
927367545,Ekaterina Shoubridge,eshoubridge1y,SKwk6Zdr,1000
136189729,Pooh Flann,pflann1z,EyFkx0weSYLR,1000
424539951,Jammal Ewells,jewells20,6aUjSn,1000
521100537,Dale Hanhardt,dhanhardt21,azyiBfxsNCf,1000
164099612,Fawnia Kinig,fkinig22,SQnXAbkNZ5v,1000
281214150,Iseabal Hawford,ihawford23,UbtfEfsL1,1000
418158173,Ralph Bethell,rbethell24,M6ucv4CD7ge,1000
192027007,Betty Hellings,bhellings25,SnbBKOraUZre,1000
387522002,Nestor Pinnigar,npinnigar26,zTDzFV,1000
595231954,Della Reneke,dreneke27,YlWYf0GWd6f2,1000
182672508,Barbara Bugge,bbugge28,c0leskdYnP,1000
426535668,Oswell Rowling,orowling29,oRmBLwjgkpN,1000
830207628,Stearn Adam,sadam2a,OdWnrXFBRXF,1000
857444992,Lura Roels,lroels2b,oZW4TnKO,1000
689121217,Eduard Suttaby,esuttaby2c,fKlsWAwslcBs,1000
951516254,Toby Rimbault,trimbault2d,MmYGZsIrsvm,1000
530449536,Phil Ashwood,pashwood2e,aBXJYG3,1000
688511496,Gladys Wardel,gwardel2f,7sLlEpHKpW2A,1000
112013477,Batsheva Kennefick,bkennefick2g,jyOmOHJ4,1000
130343612,Mordy Sponton,msponton2h,KR5RI5hg,1000
948471727,Guthrie Letterese,gletterese2i,dXq0lV,1000
679152686,Terrijo Hansana,thansana2j,rPleG9hLQa,1000
461236967,Natale Goneau,ngoneau2k,D5uX4WwL7cmv,1000
658547904,Bernette Opie,bopie2l,8mTKTQY,1000
649207461,Elijah Balcers,ebalcers2m,19lb9wPJ,1000
844533057,Ruby Dismore,rdismore2n,lGhrQWj,1000
550754963,Ronny Beirne,rbeirne2o,4xPrqG7kpTi,1000
544267034,Flo McIndrew,fmcindrew2p,LRXhWvIfi7W,1000
922788823,Trstram Cars,tcars2q,FWG6A4t,1000
660957590,Rora Assaf,rassaf2r,IOCeLwiurZa,1000
941679341,Trev Roller,troller2s,ETn7dAXaYF8S,1000
316880890,James Sandilands,jsandilands2t,9hmOYAlrf8,1000
252900721,Christie Nutkin,cnutkin2u,9FWgg4,1000
247292029,Batholomew Biffen,bbiffen2v,zrTZtflc3H,1000
258905626,Carlin Epsley,cepsley2w,sNk5idhaur,1000
368976107,Modesta Wagnerin,mwagnerin2x,sbrLmyq1gt,1000
715168679,Kerk Pigdon,kpigdon2y,MHZeVWnJ,1000
997443730,Ivan Cruse,icruse2z,51sKRpRr3,1000
496159978,Brendin Jenks,bjenks30,GnbeAaPXjs,1000
434055148,Hugh Kynder,hkynder31,62WhAmhSw2,1000
649216258,Alma Ledford,aledford32,VEHFFMa0zPmc,1000
335170131,Tobit Klausewitz,tklausewitz33,WXucAhXV6Bn,1000
826175932,Amory Spurritt,aspurritt34,vhrtQxz,1000
937752128,Dougy Pullman,dpullman35,1CIMtl,1000
590291405,Harwell Nadin,hnadin36,iupC0BcPEy,1000
264104843,Kimmie Durek,kdurek37,S9ATwNXFWj,1000
874241023,Phil Borrell,pborrell38,Q9A8dxo,1000
918869270,Nadya Povlsen,npovlsen39,DkCsYMv6,1000
456724992,Gwynne Body,gbody3a,GiEcCvxBJgwt,1000
519448706,Eugenio Likely,elikely3b,AStdUa8uHK,1000
446354101,Josepha Wyper,jwyper3c,YTE2lGcb7bOv,1000
842199110,Fiona Symper,fsymper3d,Skuv5PKC,1000
677037075,Isabella Muzzollo,imuzzollo3e,6dHUT4Tb,1000
928759353,Gloria Hay,ghay3f,GlcCrwISSBtu,1000
393550785,Janeva Hurne,jhurne3g,kB910zVoESh,1000
755377174,Luciano Sayton,lsayton3h,8eqTAtwmu7s,1000
507909051,Koralle Coushe,kcoushe3i,QTemPvsnWL,1000
719518554,Fred Genn,fgenn3j,kG5wRTPR6c,1000
773174789,Almira Wartnaby,awartnaby3k,hm3Lu24v2Kja,1000
202620429,Cassie Smaile,csmaile3l,bpHq4S,1000
315133063,Sim Beloe,sbeloe3m,CjOiw7MhEGb,1000
759502382,Jemmy Lugton,jlugton3n,AUItbUYdh,1000
727530218,Cecil Goodram,cgoodram3o,zW6ePIZy,1000
604685149,Lorianne Dowbakin,ldowbakin3p,PAFOwPsu,1000
805072353,Violet Wordsley,vwordsley3q,iPzWiRo4FF,1000
530296726,Roxanna Boler,rboler3r,PEWhoPHa,1000
630722133,Yvor Alwell,yalwell3s,gWttoDH95F,1000
626095227,Ilse Langmaid,ilangmaid3t,FJZG2a20v,1000
287596350,Benji Youde,byoude3u,NouBjrf,1000
657575372,Elisabeth Aulton,eaulton3v,YZBzppoiEraB,1000
900505052,Margaux Mudie,mmudie3w,XwC4Ir,1000
648918322,Mariejeanne Fourmy,mfourmy3x,V0dALoJpP,1000
151125971,Modestine Tumioto,mtumioto3y,qM0rGHf,1000
503657048,Howie Banbridge,hbanbridge3z,VnnYfNmDVA,1000
724110741,Berke Harlick,bharlick40,BHZrqvCOz5,1000
175895393,Correy Burstow,cburstow41,JUHjNHK5AYO,1000
663685192,Nikki Ronca,nronca42,Fy1rpd,1000
382507728,Shepperd Bridgwater,sbridgwater43,quD5YTJ,1000
970525898,Jimmie Elintune,jelintune44,CyzyDO6uyQ,1000
426570622,Russ Gilchriest,rgilchriest45,pRzt29,1000
867845276,Normand Purkins,npurkins46,0IIEWvc,1000
778430172,Gran Mockler,gmockler47,9zq7f72c,1000
188777761,Zebedee Koschke,zkoschke48,CmVOckOzV8,1000
599111877,Tatiana Joddens,tjoddens49,gx7tYSO6upng,1000
173808659,Milzie Lamswood,mlamswood4a,1ErDeVdJjbUx,1000
168297613,Beverly Gepheart,bgepheart4b,pmrefncJ3,1000
492644255,Cariotta Hacard,chacard4c,xKcBX9f,1000
517641543,Minne Maceur,mmaceur4d,jxVwt68RNTm,1000
480427166,Saxon Gocke,sgocke4e,rrm4Xtd,1000
395794740,Ty Balden,tbalden4f,gKfbY6,1000
711590849,Alanah Diss,adiss4g,RtzdjB,1000
870335665,Lauraine Tiner,ltiner4h,qBvKvmWDzi,1000
327105252,Rheta Neill,rneill4i,gEDYh6qgUd,1000
476948042,Reinald Yoxen,ryoxen4j,BvqI0m4SXk,1000
988413718,Tine Sterland,tsterland4k,uscVhKEdE,1000
422454312,Jessamyn Goshawk,jgoshawk4l,xmXDyhP,1000
504180196,Aubert Crust,acrust4m,XV7aPTIB,1000
270727259,Celka Thrift,cthrift4n,CvK6LzEc,1000
334669874,Trent Desporte,tdesporte4o,XdANgQYCbMK,1000
618559667,Rosaleen Conibeer,rconibeer4p,FFb8PbjsCzqr,1000
400735093,Erroll Whettleton,ewhettleton4q,efgDPTR8RAH,1000
985065118,Mab Gatteridge,mgatteridge4r,e1UjEebfY,1000
279688223,Sophi Snoxill,ssnoxill4s,ZPLkyOqUn,1000
614717567,Kelley Greenmon,kgreenmon4t,a5GwKvLZ,1000
576139741,Robbyn Lindell,rlindell4u,yaG2rxprQ,1000
446985708,Elston Beels,ebeels4v,BqYUYpK,1000
297013157,Melly Kernermann,mkernermann4w,ZjyzIh3,1000
116910572,Dita Vsanelli,dvsanelli4x,JeIzPCUAW,1000
143399491,Honoria Whelpton,hwhelpton4y,9mBO76K,1000
386852203,Nerte Spearman,nspearman4z,s97X45,1000
257980969,Gabrila Eirwin,geirwin50,dVfQhpxb1Sz,1000
703525366,Rosalyn Trengrouse,rtrengrouse51,wvdXSDru,1000
123358404,Lelah Ryle,lryle52,8n0oG10e,1000
207318077,Catriona Casajuana,ccasajuana53,HWc7oZWC38Mi,1000
966685794,Don Micklem,dmicklem54,wlUIXwK5JqL,1000
669594489,Biron Tomankiewicz,btomankiewicz55,dguBIhdyjRs,1000
496495265,Biron Rawll,brawll56,LMLTsWt3urf,1000
484178039,Mag Elijah,melijah57,K3GxPI,1000
264155917,Mitzi Thacker,mthacker58,dMAUCuczt,1000
156696192,Kip Cutmare,kcutmare59,X7N5NH8,1000
564038871,Mable Antoinet,mantoinet5a,lmNKZaZsKqA7,1000
403431250,Catina Beamont,cbeamont5b,pH6l2i,1000
223027467,Basile Frenzel;,bfrenzel5c,vdC4BDzKU,1000
941586579,Damita Kynastone,dkynastone5d,vCGH2hV,1000
753523738,Tabbie Garlinge,tgarlinge5e,Y8FlY1ZE,1000
271454140,Elvera Kilfeather,ekilfeather5f,RZxWpsVVq5,1000
905872133,Dionisio Conrad,dconrad5g,CbD0rrN,1000
372720778,Dwayne Williscroft,dwilliscroft5h,FhKq13T,1000
152933922,Marris Skedge,mskedge5i,cWW8vhtM,1000
599729954,Nerita Broggio,nbroggio5j,gZ96yv,1000
170303436,Tatiana Sloam,tsloam5k,YG74KygIE,1000
481676066,Rooney Pfeffle,rpfeffle5l,KNDWofuQl,1000
606529727,Brenn Tranckle,btranckle5m,DflaE2,1000
536582724,Nickola Clapton,nclapton5n,Rk9Nk62,1000
564787704,Denny Bassick,dbassick5o,NC4X7iEqx3,1000
990936448,Tanya Breakwell,tbreakwell5p,jkXAocpp,1000
649374437,Teodorico Powrie,tpowrie5q,TDm9J8L,1000
842954817,Persis Walkingshaw,pwalkingshaw5r,sIVgdgc,1000
386431333,Neville Cownden,ncownden5s,cJEc583,1000
136953588,Pernell Muslim,pmuslim5t,5ZdHMReRu,1000
997971578,Robbi Tabour,rtabour5u,EPa8Rq5Xug,1000
577446443,Fredericka Parke,fparke5v,y0uSlckOS,1000
326165785,Tonnie Robert,trobert5w,WFSZRj,1000
663797819,Harmonia Syrad,hsyrad5x,WCKJLVYMtYLE,1000
876162582,Normie Measen,nmeasen5y,MhzHL3,1000
280391021,Olivia Klejna,oklejna5z,OnHKwKRFgjL,1000
502733854,Sibelle Bawdon,sbawdon60,clcLfs,1000
290020194,Karney Braine,kbraine61,IbxSvxjkkIr,1000
286280307,Aldridge Withringten,awithringten62,CLbAb506idB,1000
635519700,Kip Brigman,kbrigman63,G5xJT080,1000
373857912,Kelvin Toffalo,ktoffalo64,AivLp2lG5k1,1000
405670392,Ingmar Thorndale,ithorndale65,l0RS5Dk9Lni,1000
967301304,Urban Readmire,ureadmire66,ersyYx,1000
482994914,Chelsy Boutellier,cboutellier67,jTYppoY,1000
846639248,Godart Dauber,gdauber68,eIm4MtJ0eQG,1000
683125669,Bary Goulding,bgoulding69,6mSd9d,1000
799342264,Chase Jacklin,cjacklin6a,2huCCH4s,1000
920465683,Rosana Glandfield,rglandfield6b,IYtbt5C,1000
734558360,Nikaniki Scurman,nscurman6c,N9OXQ7a2kk1W,1000
602752250,Jenny Souness,jsouness6d,5tTeeW4h4N,1000
550522686,Kelly Dorant,kdorant6e,GRufd0,1000
714840803,Andriana Bracegirdle,abracegirdle6f,KZ15yzvqW,1000
924093377,Ketti Colquitt,kcolquitt6g,QftJfSL2C,1000
351425554,Quint Smedmore,qsmedmore6h,4tIfNWwSeLpq,1000
298797716,Tiphany Harwin,tharwin6i,rp7CzpBU4hdd,1000
817590464,Conant Chaster,cchaster6j,fWIEtQOk,1000
644802798,Archibaldo Pomery,apomery6k,Rclgqu,1000
901658060,Joann Tollmache,jtollmache6l,UmUFDCCEWPi,1000
945774445,Benedick Hattoe,bhattoe6m,2tTcRWW,1000
773917431,Tonnie Kall,tkall6n,oTcMMm4VbM7t,1000
191738868,Francklin Fritter,ffritter6o,K12i836g6Cyq,1000
635604274,Gabbey Nowill,gnowill6p,Cerg056BO,1000
593841631,Kennith Boyd,kboyd6q,wnNiPkRx,1000
752911907,Leelah Groves,lgroves6r,R4T7p27lI9l,1000
133398508,Heidie Wilkins,hwilkins6s,0KvyXlz6,1000
924587912,Lolly Zanolli,lzanolli6t,we1Wn8HYGne,1000
884650818,Leonora Kreutzer,lkreutzer6u,TyvooSrxw,1000
678749031,Evangeline Amy,eamy6v,IlvkeLm7k,1000
350920193,Ingmar MacAscaidh,imacascaidh6w,Ovpnmf,1000
596382131,Paloma Stilly,pstilly6x,a5JIc6iWs,1000
585019963,Orelie Coton,ocoton6y,cQMtOzXic,1000
290047557,Giovanni Chettle,gchettle6z,XKXimAGDo,1000
598791706,Terrance Lambourne,tlambourne70,9nAtUWihR,1000
339092057,Eirena Baggarley,ebaggarley71,PRQkk1HS9ShW,1000
209790543,Jessee Longhorn,jlonghorn72,OCM52A,1000
951396191,Garner Marriott,gmarriott73,3AeiPgpqvo,1000
540961158,Juliana Penhale,jpenhale74,Coh2uym70j,1000
122869804,Gan Dyson,gdyson75,8Ma3297Hs,1000
679176800,Alister Rugiero,arugiero76,McMHq15CMZYk,1000
802206301,Jilleen Redmond,jredmond77,MW5goqujGszP,1000
592446859,Berget Morrall,bmorrall78,ytPcWVy80Wcr,1000
545037326,Janella D'Ugo,jdugo79,rKTrW8OV,1000
606357296,Zonnya French,zfrench7a,VnU5blPh,1000
841919623,Hanna Adshed,hadshed7b,FZSHV8VIW444,1000
267869548,Kaile Ansty,kansty7c,EFQeWPVpP,1000
422594670,Koralle Maypole,kmaypole7d,bCJD0o,1000
340937372,Anatola Bruce,abruce7e,PjExw4hXMnMW,1000
410191219,Garnet Borley,gborley7f,uPzoyuDd,1000
332393460,Deirdre Rigardeau,drigardeau7g,71SjqQC4b0,1000
594003178,Merlina Hatrey,mhatrey7h,sT9qRfG23,1000
707362990,Clement Wilcocke,cwilcocke7i,lIhH9l,1000
800914732,Marcela Fricke,mfricke7j,RDrCHuxi7sA5,1000
535789515,Thatcher Anfossi,tanfossi7k,d8sQcS,1000
635456749,Junia Schimke,jschimke7l,A5FrcfZFp0v,1000
270317370,Ellswerth Roxbee,eroxbee7m,NGF6C5iVrX,1000
166676313,Cory Lathwell,clathwell7n,mIOyly56UzLZ,1000
864431359,Nessa Dobbs,ndobbs7o,TJDioxg,1000
502410981,Lynelle O'Crotty,locrotty7p,2NZ5EKp,1000
624443924,Renae Flello,rflello7q,Z0W1qy,1000
673022197,Verile Itzkovwitch,vitzkovwitch7r,RobKQhoh,1000
794244668,Brandice Ablitt,bablitt7s,022cAqd,1000
896442577,Mildrid Burden,mburden7t,yVjSfMgqv,1000
165180221,Roxie Minto,rminto7u,RaVEmLdYySh,1000
201508324,Washington Enever,wenever7v,btcNYNaSb4,1000
993046263,Troy Hallagan,thallagan7w,X1U0EZWUhl,1000
285354568,Rosanna Moggle,rmoggle7x,ogJeojwf,1000
771468709,Brynn Bolsteridge,bbolsteridge7y,9nFzaFroHi,1000
517188742,Kaile Simunek,ksimunek7z,uvQVgmVxR,1000
929769060,Stanford Slocombe,sslocombe80,Y78InDGsl,1000
926709747,Modesta Iorizzi,miorizzi81,AuvYlivITy,1000
182842539,Yardley McGannon,ymcgannon82,REExESXOCN3,1000
588939333,Robbi Beyer,rbeyer83,LZJ1wHfgTXFu,1000
297930507,Lacey Tommen,ltommen84,1Z7QlEL,1000
921754639,Sibilla Chettle,schettle85,ehpczuc,1000
864362802,Muriel Goldberg,mgoldberg86,gIsfo3YdJ,1000
268894409,Mendy Paris,mparis87,NZ9MiJ,1000
405085025,Orville Luck,oluck88,DtjaF5x,1000
132469402,Delila Kampshell,dkampshell89,Dz08PdFpg,1000
871796192,Leshia Wellbelove,lwellbelove8a,xpBGzyJ,1000
193140964,Alexei Benning,abenning8b,G6QgYFn,1000
488620824,Cristal Bellefonte,cbellefonte8c,R9M1bxeHbZlG,1000
434190971,Ignace Lahrs,ilahrs8d,BOdgtM,1000
804738106,Lurleen Cariss,lcariss8e,hzOZtQJD,1000
582698655,Waldo Riddlesden,wriddlesden8f,ekRF8UrjM,1000
277851054,Clemens Martijn,cmartijn8g,oaeVzNb1DQ,1000
534565502,Morgana Wingham,mwingham8h,TVjYyw,1000
587891513,Sherie Bezarra,sbezarra8i,OHccZvIlyOlb,1000
661475507,Valentine Berecloth,vberecloth8j,WUODffF8UkUT,1000
497191569,Bernelle Scoggan,bscoggan8k,WasZad2AEV8,1000
956959273,Kristel Dalton,kdalton8l,DB6bB7y,1000
182986336,Roselin Nannoni,rnannoni8m,E6zgbWJ,1000
284706248,Kliment Veronique,kveronique8n,reydKLDGU0bf,1000
608832364,Benedetta Revett,brevett8o,f5Bv59j,1000
188090266,Danila Joddins,djoddins8p,2GQps5YT,1000
344502016,Gwendolin Rottenbury,grottenbury8q,RWPpVncw,1000
737459137,Terrell Agerskow,tagerskow8r,zkE2M7A8N,1000
993387539,Fayina Hinchcliffe,fhinchcliffe8s,28ePYjs,1000
972627381,Cherin Remmers,cremmers8t,AN87UThLiKcx,1000
575562940,Rene Bridal,rbridal8u,XUCYCziYX2,1000
235238129,Natty McGinnell,nmcginnell8v,XEUZLgPRCom,1000
464913513,Salomone Knifton,sknifton8w,u7BUH9dae,1000
738591926,Willi Sanpher,wsanpher8x,Qdrf5TIl5a,1000
155772745,Mickie Chasier,mchasier8y,zhX6XtbXmQXY,1000
429617890,Darcy Pesterfield,dpesterfield8z,ZHSkyDsp,1000
369592864,Ofelia Shimman,oshimman90,LdSzEJ,1000
232245068,Barton Porteous,bporteous91,aOMIHI,1000
254159465,Harmony Bedingfield,hbedingfield92,xsgY7sIArowY,1000
488176924,Anette Crean,acrean93,XeMQPlc,1000
312267233,Lenore McCambrois,lmccambrois94,Q3plQ3,1000
730483174,Sabra Twinborough,stwinborough95,7MkofQBW,1000
187228179,Odey Inkster,oinkster96,HsH482qtWHhn,1000
144537527,Barnard Kamen,bkamen97,9pfIoVywY9,1000
749768338,Mattie Pratchett,mpratchett98,QkVma2W,1000
750863582,Lynnell Dunnan,ldunnan99,4nCen1Lz,1000
612727924,Jacobo Need,jneed9a,hjWvASkZC,1000
937396679,Svend Welbourn,swelbourn9b,TI1U7hj,1000
275852397,Daryle Sowthcote,dsowthcote9c,EBb4NXy,1000
250485708,Starr Jansens,sjansens9d,jM0l0jhVtZH,1000
687721134,Kissee Hurlestone,khurlestone9e,1HUGoReSe8,1000
809190814,Sarita Giacomuzzi,sgiacomuzzi9f,GAZ20mY45NW,1000
624045638,Lynelle Escot,lescot9g,sFjPF3dVV,1000
485954672,Emmy Torry,etorry9h,KJMe4heZN0,1000
516799830,Claudine Dericut,cdericut9i,Iayog6ji,1000
941692717,Delora Phant,dphant9j,16BLYKo,1000
180947725,Carie Ahrendsen,cahrendsen9k,GbCgDQ,1000
380952018,Kalinda Adaway,kadaway9l,omM8RaDg,1000
390326472,Dotti Habbema,dhabbema9m,FSLRK5,1000
319186107,Hobard Polson,hpolson9n,YLCucsBSji6O,1000
541560661,Cale Ventum,cventum9o,IQ2lJva1H,1000
532526029,Raphael Trenaman,rtrenaman9p,sYSLH5,1000
600045246,Jourdain Lorincz,jlorincz9q,ofkLKff5tN,1000
438052023,Chrissy Dresser,cdresser9r,fzw64UXCL,1000
817207158,Brook Phillput,bphillput9s,v5yKPy,1000
777634085,Kathryne Livett,klivett9t,3F5VB7L7VlyJ,1000
720230912,Kai Jull,kjull9u,CeZSMB,1000
272205321,Carver Fearnley,cfearnley9v,RzMyN3,1000
403853476,Lyndy Burchnall,lburchnall9w,triMIgfO2IjR,1000
246647826,Raphaela Grog,rgrog9x,GusN7RRdNoK,1000
810740070,Raynor Von Helmholtz,rvon9y,uqj3KIMDB,1000
184789471,Pietrek McTerrelly,pmcterrelly9z,7Ix6EnVVlX,1000
362828135,Estrella MacSherry,emacsherrya0,Q27F0F,1000
924323008,Courtnay Neary,cnearya1,U0QwwefCYg,1000
903199997,Felicdad Rupke,frupkea2,5AQcS1,1000
865797538,Ernestine Meaney,emeaneya3,q4SM9xCd,1000
929760726,Suellen Pavinese,spavinesea4,uibVXFM,1000
590047545,Aveline Cockland,acocklanda5,HGTwiKeNqVR1,1000
693338710,Lurlene Faers,lfaersa6,5hhogD8V,1000
234045699,Hillier Alsopp,halsoppa7,XQK3IDIrSky,1000
744642862,Ring Stronge,rstrongea8,WeVHQNc61gr3,1000
481276421,Reynolds Bartolomeo,rbartolomeoa9,mDoSMbPzZr,1000
219547914,Holly McKean,hmckeanaa,ui5KpiD9,1000
203297373,Delphinia Mugglestone,dmugglestoneab,BUTZvTXLvkny,1000
773152790,Aube Cumo,acumoac,NNHstvM5C,1000
781266523,Rutger Hold,rholdad,EOdcQSR,1000
457901246,Tadd Bonellie,tbonellieae,uvwGskZq,1000
322349754,Brandice Minci,bminciaf,L6V1KX,1000
780760634,Berty Pollock,bpollockag,c8ne9Tg,1000
395892442,Augusto Garrish,agarrishah,QDuKCCK,1000
517506667,Bobbette Tizzard,btizzardai,7BsNKQ,1000
192720322,Bernetta Jamrowicz,bjamrowiczaj,UCKSts08rTw6,1000
969358474,Merola Mander,mmanderak,inl3qgPk1Cg,1000
776779472,Darbee Warke,dwarkeal,d4o68gQ,1000
726208047,Bard Canepe,bcanepeam,mObofq3zme0,1000
595759072,Noelle Rojahn,nrojahnan,XtVhglIv,1000
709426006,Kerwinn Brierton,kbriertonao,y98IhKJI,1000
701084809,Erma Tucknutt,etucknuttap,uwqiIcuEFS,1000
985478607,Dniren Mannock,dmannockaq,PUezqvtak,1000
232259586,Mead Roostan,mroostanar,IdeqhNwN2k,1000
914273087,Alphonse Ackroyd,aackroydas,2gPajS5v,1000
922025261,Arnie Whitloe,awhitloeat,iTyHsvQm,1000
948785204,Quincey Loffhead,qloffheadau,UdtbDgbaiaf,1000
467695756,Conrado Gascone,cgasconeav,eaV6tQx,1000
304024371,Ernest Matt,emattaw,BK5Rz4X,1000
235249139,Bernelle Stickel,bstickelax,j3RPaz8,1000
930951301,Alvina Blumsom,ablumsomay,2WDshC,1000
433443075,Maddy Harbison,mharbisonaz,BbaNnqMxdXf,1000
337354520,Krissie Rowat,krowatb0,dnovNv0m0E,1000
712994618,Karole Tuminelli,ktuminellib1,wj2gvj,1000
251509065,Wallis Burdas,wburdasb2,l1Xhx8y,1000
264368115,Anthony Gissing,agissingb3,v5qEio2xsfq,1000
926078756,Alberik Clinning,aclinningb4,fCKKoAUSs,1000
589993491,Kalle McCumesky,kmccumeskyb5,eSUkLG,1000
150396870,Nikos Valder,nvalderb6,o9VfBTwobToJ,1000
778510878,Heloise Pedrick,hpedrickb7,dZmblYguCJeD,1000
806677094,Johannah Gabey,jgabeyb8,ALPq2N,1000
650036876,Ketty Sturgis,ksturgisb9,QeGoT9,1000
399755779,Jania Campelli,jcampelliba,G8ZobaZ,1000
568559988,Jamima Heinke,jheinkebb,hsqwau,1000
323655022,Natal Sarjent,nsarjentbc,UuaLSCQo1,1000
397710731,Parke Kalinovich,pkalinovichbd,EVA5ro6UGI,1000
885354766,Kiah Janecek,kjanecekbe,8uKqPE3kYUT8,1000
656969334,Modestia Skeene,mskeenebf,r253Jn,1000
146493890,Sarine Cantillon,scantillonbg,4EuKx4P3WT,1000
795430655,Arabelle Pagett,apagettbh,HPJFUVqa9D8,1000
467181075,Cissy Been,cbeenbi,MjiKfygOELP,1000
283364906,Godiva Jakubowicz,gjakubowiczbj,Qzra5u7tb0HZ,1000
592971668,Andreana Issard,aissardbk,S5BsfJgn8pM5,1000
834676349,Sayre Hallums,shallumsbl,uvLwbs,1000
209778465,Easter Pittock,epittockbm,zDhlAwTD9d5,1000
973508998,Christan Josephov,cjosephovbn,WPNDzKd0Wy,1000
915091808,Deanna Krysztofowicz,dkrysztofowiczbo,RYzwJ4snOTu,1000
182238777,Hasty Pottle,hpottlebp,4PWxZCdMmv,1000
883298020,Grover Somerlie,gsomerliebq,qArwUx,1000
821003402,Emmanuel Schulter,eschulterbr,TMvc38Dx,1000
480390793,Deeyn McTeer,dmcteerbs,pp8x4f4,1000
535671528,Edan Bram,ebrambt,ysREb0Vr2J,1000
808218942,Marv Trelevan,mtrelevanbu,pevSghj14s,1000
899081433,Verina Dewsbury,vdewsburybv,IEG8XC8ghag,1000
461844195,Margaretha MacDonough,mmacdonoughbw,Gd2bc0H0RU8L,1000
212043510,Jewell Upjohn,jupjohnbx,kkLTVHKQd,1000
635266520,Herminia Redman,hredmanby,Gs47dnPozfN,1000
200590625,Ruprecht Clapperton,rclappertonbz,iTahpmsQ,1000
922007602,Christian Archbell,carchbellc0,XNEWjsOjZfLZ,1000
611142250,Eddi Chattaway,echattawayc1,as3jFev7f,1000
141262257,Linet Giraldon,lgiraldonc2,pFcH46,1000
803242590,Adrien Grinyov,agrinyovc3,xYQSm2,1000
323098021,Sophie Wrankmore,swrankmorec4,lydcPr,1000
955990830,Loralee Van Saltsberg,lvanc5,O2c2zHc,1000
943987520,Georgiana Santello,gsantelloc6,qsKlP61HZB,1000
606316018,Nataniel Nitto,nnittoc7,sCiEuof8TSu,1000
366259277,Catriona Filliskirk,cfilliskirkc8,MkuXISD1kI,1000
128514739,Ivie Janssen,ijanssenc9,PxKaQzKAksD,1000
997020843,Jessamyn Loyndon,jloyndonca,cXG9KVAex,1000
949836107,Stormi Dineen,sdineencb,mJK1kiL,1000
737665619,Daryn McGiven,dmcgivencc,II74y7pY,1000
274687611,Rosabelle Gorwood,rgorwoodcd,qqGcq3t,1000
159174618,Daria Benbough,dbenboughce,yJ1FRFpsaUT,1000
763391365,Cheryl Emsley,cemsleycf,yFzQMwjJz,1000
814071910,Odetta Swiers,oswierscg,IqMi6UwuRSAh,1000
132168169,Timofei Wain,twainch,2GqQZ54l4c6Z,1000
707474271,Felizio Lube,flubeci,jCPyTiE,1000
962701745,Yuri Francie,yfranciecj,M8d08z4nwgu,1000
397612583,Colby Amis,camisck,iQQMI6L42Vhn,1000
148358594,Natalya Weblin,nweblincl,oArHYf,1000
211601420,Christye Scrivner,cscrivnercm,ZR1EhDN,1000
280340957,Fields Dallmann,fdallmanncn,cmdCgED,1000
790974529,Dyanne Whitehorn,dwhitehornco,3gEF7xmwb1,1000
254176819,Rollo Sibbering,rsibberingcp,v1Dnkhsyj7,1000
893336025,Gerrie Hoxey,ghoxeycq,TQPHnxmP9,1000
454897916,Temple Penman,tpenmancr,rpSWDXv,1000
617261988,Wren Wemes,wwemescs,T0YVeOutFxh,1000
239473003,Marlo Cubbon,mcubbonct,9zYP6l,1000
474792958,Maureene Mully,mmullycu,1cvjMBzo,1000
335811372,Tracie MacFadyen,tmacfadyencv,2nz0AZGrji4Z,1000
969711781,Natka Mugleston,nmuglestoncw,DPQM7m,1000
425285138,Nicole Dodge,ndodgecx,G26VBkLIq150,1000
539007574,Noak Lindemann,nlindemanncy,4JB2wV9bj,1000
269529940,Kaylyn Messier,kmessiercz,j5bmeG,1000
484762435,Charyl Juanes,cjuanesd0,4eMRJNVF8Ii1,1000
227946738,Huberto Mavin,hmavind1,Ju3M8gpXsy,1000
130979877,Jorrie Veivers,jveiversd2,F5NLPoQ1d4xW,1000
892229131,Theresita Hartup,thartupd3,m9lBhTGvo8,1000
665446406,Wilhelmine Anneslie,wanneslied4,xq5n8a1iA6nd,1000
889172250,Andrej Tollmache,atollmached5,jhJT6OK8Zl,1000
335108462,Rea Torrance,rtorranced6,6rTaYdT4fME0,1000
533620397,Lynda Rigolle,lrigolled7,OHpyE0q,1000
949566334,Star McQuirter,smcquirterd8,YqtTvrWMQM,1000
787601765,Anallise Inchan,ainchand9,wgE2b8UVM,1000
601471547,Olimpia Water,owaterda,ItnrjQGgG64,1000
168247148,Trisha McHenry,tmchenrydb,Ol7tCg,1000
798623942,Germaine Dimmer,gdimmerdc,YXIQVU8aoZ,1000
432121140,Blondelle Ickowicz,bickowiczdd,gx3ORjG,1000
409063884,Laurene Roxbee,lroxbeede,tEKyjaG5SOW,1000
834489296,Bastien Attle,battledf,cMq3AaaL,1000
880058595,Muffin Ruggieri,mruggieridg,GaL2uEzIUfF,1000
805815451,Langsdon Joppich,ljoppichdh,Nx6FPU,1000
143473038,Kerk Jilliss,kjillissdi,dPNzSJgzou,1000
471766107,Conny Maletratt,cmaletrattdj,WLSnt6T,1000
683980493,Stephani Holston,sholstondk,BiJi5F,1000
548411683,Tremain Nickoles,tnickolesdl,6V1uji,1000
750217652,Darsie Manford,dmanforddm,mgXuGajX,1000
941687486,Town McTrustrie,tmctrustriedn,8KmyRW2Ve03g,1000
883292178,Cordell Dani,cdanido,jOAapNpiSl,1000
566598085,Kaitlyn Coade,kcoadedp,yvKQFCNG,1000
465522289,Jud Terren,jterrendq,J8y4neX,1000
437573083,Urbanus Halwood,uhalwooddr,HDKRbF,1000
562413466,Kelci Pardal,kpardalds,OLUzUQ7PHEq,1000
274135578,Caldwell Jarlmann,cjarlmanndt,JOzAKbf,1000
804312664,Fedora Meth,fmethdu,woed4feOWB,1000
321607326,Eamon Copelli,ecopellidv,9QtP3TAe,1000
695828784,Chester O' Mahony,codw,MrtENlz2vll,1000
681048084,Enrichetta McGilvray,emcgilvraydx,U1oJo6LRaq,1000
204131292,Hasheem Hazelton,hhazeltondy,B4l52YUXN,1000
152714718,Rosella Rawsthorne,rrawsthornedz,suF3K9Knk,1000
514204593,Delmor Bridell,dbridelle0,KWM2VaGHN,1000
812076701,Lissie Carcass,lcarcasse1,r9p4IwB2tD,1000
194068085,Justinn Brashier,jbrashiere2,FQe91G1d,1000
377205261,Annabella Letterick,alettericke3,iz8Bi3bCEk8,1000
322294781,Cindie Strase,cstrasee4,3IVSbRf,1000
931939955,Doti Langton,dlangtone5,5c0uyu,1000
373895447,Em Baty,ebatye6,u55u7xqAs,1000
168854979,Lina Roncelli,lroncellie7,gIquryNU,1000
672281855,Hendrik Lydiate,hlydiatee8,OM9QrRhDDjpg,1000
983105315,Blaine Halm,bhalme9,kh8cHqIpVqk,1000
548032697,Denyse Atwood,datwoodea,8wrk6Cy,1000
449734356,Deane Lattos,dlattoseb,xQqYCH9GV,1000
943684105,Ilaire Bennen,ibennenec,u80TEWkcAez,1000
504118592,Vicky Meale,vmealeed,4DQfj1XF,1000
675354960,Jacquelynn Izaac,jizaacee,1H4TtuOpmXIE,1000
914262452,Karney Mitchelson,kmitchelsonef,0hr5I4cJx6OV,1000
969944799,Sayers Ramsdale,sramsdaleeg,UdqMaYx2u,1000
292320328,Henrietta Pogg,hpoggeh,GhCCha,1000
851091884,Emmaline Mockford,emockfordei,Ydq7mdRR,1000
303043248,Laina Tarbin,ltarbinej,KAQTVH7,1000
508030688,Allys McEniry,amceniryek,9TfEaMWZa0GD,1000
310323210,Shandra Spatoni,sspatoniel,3sd0UZzpo,1000
472128290,Estrella Penddreth,ependdrethem,OcA4PjEmF,1000
837460016,Siegfried Manicomb,smanicomben,ZrIlBOT,1000
997407111,Cortney Dunphie,cdunphieeo,siyaCTNG,1000
913557006,Kingsly Glamart,kglamartep,09IqOgAhbzN,1000
948755493,Leonard Runciman,lruncimaneq,pDIdm7CKd,1000
726090930,Darci McCarthy,dmccarthyer,eZjxgVLsQ0Wl,1000
401317051,Garret Rogans,groganses,jO0IDejCa,1000
505690859,Annmarie Rouch,arouchet,NJhJbfJ9v3,1000
221614493,Gabi Sancraft,gsancrafteu,ICKUgCT,1000
965278636,Rutger Kalisz,rkaliszev,hhqpLyoUVkbb,1000
294092597,Julian Curnnokk,jcurnnokkew,1OXllcB5uq,1000
359602244,Veronique Iacomini,viacominiex,ST6Y63ilo,1000
190746565,Marchelle Le Count,mleey,ujPvb7rp,1000
659735790,Fleur LLelweln,fllelwelnez,JTn7ajDftWqe,1000
799397621,Juli Lugton,jlugtonf0,Gvfdo2rSrl,1000
707488490,Langsdon Jervoise,ljervoisef1,s415rqxW,1000
235818103,Maurie Silkston,msilkstonf2,r9fiv9AKhLZ,1000
406716882,Francene Davenell,fdavenellf3,TL6fdGA5,1000
381747738,Pegeen Sayles,psaylesf4,0I94WfrjA,1000
174965123,Sid Garmons,sgarmonsf5,HHde0U2vcH,1000
146591956,Nelie Pentland,npentlandf6,HKgwBZkQx,1000
538523926,Harlan Abad,habadf7,DaoFR1,1000
293954725,Sigvard Monday,smondayf8,V4Pkydvk,1000
854336089,Lauritz McMechan,lmcmechanf9,mrHBR9,1000
950679698,Korey Southers,ksouthersfa,NqfWPcOUE2O,1000
885864297,Cymbre MacIlhargy,cmacilhargyfb,tjnRGW,1000
874190087,Amil Andreoletti,aandreolettifc,5oCqnDQrM4kf,1000
334711497,Tobey Eccleston,tecclestonfd,Uqk8Z9yy,1000
826364655,Estella Lynes,elynesfe,mS9qmBF4,1000
562103152,Finley Wallege,fwallegeff,1N9LyaKa,1000
218849480,Kellia Gillian,kgillianfg,xOn54sOnpip,1000
797365215,Glen Covely,gcovelyfh,UAMvxC9X5,1000
319119072,Tova Rummer,trummerfi,tBmV4itNT,1000
174228721,Mehetabel Karpychev,mkarpychevfj,5OXV7tGq6,1000
478443231,Lavina Calterone,lcalteronefk,pdULZk,1000
501563451,Amabel Dudley,adudleyfl,VPlFsjswa,1000
890193098,Gene Skellen,gskellenfm,F2kBC3nnxtEe,1000
360709394,Leann Palister,lpalisterfn,ILboZz1g5hOb,1000
395205723,Christean Cotmore,ccotmorefo,F83mTx,1000
836081366,Libby Simco,lsimcofp,VAtQz9OxfZZG,1000
998035729,Harry Bownd,hbowndfq,J28CR8vuyYBc,1000
557329625,Bax Daveren,bdaverenfr,f7jTlG51,1000
231392936,Mace Flatman,mflatmanfs,51HJFCZGC,1000
533627939,Shelli Gavahan,sgavahanft,HA07V8JqRRVz,1000
208867892,Harriette Alfonsetti,halfonsettifu,3d4IOwaub0EN,1000
707689330,Godard Fellini,gfellinifv,EfMxWI9IQe,1000
346158149,Halimeda Igglesden,higglesdenfw,5egZnJ,1000
646288759,Clifford Kerby,ckerbyfx,H9HgCjYrL,1000
976474844,Belle Magson,bmagsonfy,i0Qh8fO1KUlJ,1000
922635790,Ida Cleveley,icleveleyfz,IQoTfFUp,1000
404660185,Mario Malshinger,mmalshingerg0,2eVmKN,1000
836083817,Beryl Patriskson,bpatrisksong1,Jz0I7e49L,1000
771574810,Katee Collopy,kcollopyg2,3oAKv1qnytn4,1000
752515355,Phoebe Stark,pstarkg3,1DhXLHE,1000
154364401,Connie Hegerty,chegertyg4,wjFhuPGK,1000
358089138,Flynn Bruhke,fbruhkeg5,dkzHwp4,1000
554293804,Chad Dugdale,cdugdaleg6,ADCmzZCuk,1000
616744029,Tasia Doree,tdoreeg7,IcDgJ3W,1000
970851423,Sherlock Battin,sbatting8,c1nFUqe6Us,1000
387798570,Nilson Swainson,nswainsong9,MdeDvT,1000
710565677,Minnnie Heaslip,mheaslipga,ofp4uV,1000
762375064,Gregor Asals,gasalsgb,977GLcmfvQ3,1000
142922483,Morissa Baillie,mbailliegc,ziILvrX,1000
196236803,Petr Outlaw,poutlawgd,0QRHnX,1000
602773205,Garwin Oulett,goulettge,BHVYCIriewQS,1000
588624885,Gwenore Sulland,gsullandgf,QtJCoVnBS,1000
721345591,Gwenora Woolmington,gwoolmingtongg,NChK9jRQ,1000
685349789,Marigold Triplet,mtripletgh,jj1oys,1000
760818447,Brent Cobbald,bcobbaldgi,PBWiixipcGE2,1000
228803926,Avrom Isenor,aisenorgj,tQswcl,1000
344965084,Vasili Gulberg,vgulberggk,i9KaZJQD,1000
541155811,Rozalin Dressel,rdresselgl,DUX2VNTc72,1000
967017293,Konstantine Barbie,kbarbiegm,Tpm667CX981,1000
280823011,Leanna Castilla,lcastillagn,4ANKef,1000
930302832,Artie Scotfurth,ascotfurthgo,fE58r0,1000
776046276,Zandra Chugg,zchugggp,oMLTYN,1000
839488028,Barbie Tombleson,btomblesongq,J6PPjQK,1000
819104680,Kamila Hess,khessgr,UayVw2jVB,1000
856474343,Celestina O'Longain,colongaings,ISf7BiO,1000
537079936,Jehanna Scurry,jscurrygt,PA21lAq,1000
936129281,Sax Twiggs,stwiggsgu,6LEMD5uMMA,1000
635684209,Tabina Sarath,tsarathgv,2Z4euj2,1000
691142065,Gradey Hallad,ghalladgw,4ghUnnah,1000
814661101,Maynord Arnaldo,marnaldogx,O6eJp3ToMi,1000
562766828,Tess Calderon,tcalderongy,SJGbgU0O,1000
318044856,Marin Dmitrievski,mdmitrievskigz,UBxRfpQqQK,1000
789435712,Jory Northridge,jnorthridgeh0,DmyFk0jB8bN,1000
459597841,Duff Toynbee,dtoynbeeh1,I02vXP,1000
122959327,Tomasina Hounihan,thounihanh2,cuXK5ceZcjM2,1000
317347495,Seumas Mathon,smathonh3,ZPiJrn,1000
818439659,Alfonse Verdie,averdieh4,NPfj1Q,1000
164462959,Rolando Connett,rconnetth5,Vi61kkB,1000
987754271,Adelind Ordemann,aordemannh6,AqgMDiIan,1000
682103817,Chantalle Uwins,cuwinsh7,gkuHse,1000
403957415,Huey Jimeno,hjimenoh8,1lHT66kGU,1000
974996821,Ingmar Barthelmes,ibarthelmesh9,Vtar4FJ1qDKn,1000
745491164,Lambert Hlavac,lhlavacha,DNWelq,1000
711205231,Jasen Hawton,jhawtonhb,puZKB8b1DNo,1000
651026322,Georges Byfford,gbyffordhc,Zqrw8FNNi,1000
135906035,Seline Tissington,stissingtonhd,4Jlt2Ri,1000
424690536,Alecia Lindley,alindleyhe,rWr4gF,1000
227976420,Arlen Bynert,abynerthf,ChCTgbIYyJ,1000
645052332,Bebe Boyton,bboytonhg,fajvl9M,1000
147824438,Fielding Fesby,ffesbyhh,IMwgvRAOwPO4,1000
502070622,Garrard Benettini,gbenettinihi,zhyaMv,1000
810969683,Terrye Reach,treachhj,przEavEZh,1000
328624715,Mano Willey,mwilleyhk,hXaVphimJS,1000
183829292,Blair McGlade,bmcgladehl,PopfWMw6ot3Y,1000
310032943,Adele Hurlston,ahurlstonhm,0nbWDlIS,1000
499734555,Stella Yakobovitz,syakobovitzhn,w8uUyRUceGcC,1000
419610323,Ludwig Lumox,llumoxho,MSd3chd,1000
235029879,Chet Attwell,cattwellhp,R5xHfh9Rg,1000
829173144,Laural Fackney,lfackneyhq,w2gzFq4jpA,1000
546825219,Kellen Kurth,kkurthhr,fWWaA0rU,1000
783818404,Pammy Giamo,pgiamohs,ywMbzkwrUNP,1000
644135225,Dorey Carmen,dcarmenht,rA0yEbQ3yw,1000
475877282,Morgen Verralls,mverrallshu,NluQOh,1000
280042429,Cristine Churchley,cchurchleyhv,nYVfQsch,1000
464425353,Constantino Gothliff,cgothliffhw,aZEnestpksu,1000
881732225,Estelle Joska,ejoskahx,lGjaUg2,1000
902881905,Glynda Rittmeyer,grittmeyerhy,9AzgdYcvsfrL,1000
854217695,Andree Skipworth,askipworthhz,4w5fAQs,1000
862865436,Gratia Snozzwell,gsnozzwelli0,VeCpfpN9D,1000
695055164,Kary Haselwood,khaselwoodi1,9hl95vGl,1000
367063434,Lind Redman,lredmani2,CkZlatG,1000
311219238,Letti Cuniffe,lcuniffei3,5IycQtKp,1000
328399334,Standford Rice,sricei4,5e1ag33,1000
760940247,Eldredge Sidaway,esidawayi5,WPA11vh7BDUB,1000
535599156,Kaine Berkelay,kberkelayi6,vulias7B,1000
513570822,Tatum Peele,tpeelei7,HIYTjj19y,1000
762283490,Robinetta Ranstead,rransteadi8,HOaNZtiNLh,1000
961807047,Victoria Sadry,vsadryi9,YIg4nq,1000
322277885,Jacquelyn Pygott,jpygottia,r7rU6e,1000
552271502,Evan Eyam,eeyamib,73tKSVlCBl9o,1000
936134888,Drew Mallock,dmallockic,PncnzU,1000
125866016,Cortney Gonzales,cgonzalesid,0e2tJyfi,1000
218901096,Philbert Biggadike,pbiggadikeie,MiO1h0,1000
396504257,Karlyn Goodricke,kgoodrickeif,ZJp0jfi,1000
313221675,Paul Truss,ptrussig,VT0RloR,1000
209486396,Monika Downes,mdownesih,bJWC138aV,1000
873269869,Ari Chiplen,achiplenii,YGDLRC,1000
237389253,Giacinta Clougher,gclougherij,TNDZyP,1000
202273048,Nevin Talbot,ntalbotik,1RqmJE9QwbJZ,1000
286919268,Davey Briggs,dbriggsil,ga5PC58YSxf,1000
511613829,Crissie McKain,cmckainim,4zuVpQB,1000
938511198,Guss Ferrarese,gferraresein,88y2q9ZnB,1000
957059588,Annalee Sandell,asandellio,iobT8lw,1000
173589091,Foss Godson,fgodsonip,65hwarr,1000
705339644,Else Brame,ebrameiq,HObsrNHkQsa0,1000
607749386,Olimpia Peasby,opeasbyir,RuyecIr,1000
911087849,Hermione Kellen,hkellenis,91eEZMvHMk52,1000
863908168,Layne Coursor,lcoursorit,SoSkjA24M6,1000
200125727,Hildagard Martinuzzi,hmartinuzziiu,YVk9SaCKtfo,1000
755003152,Rhea Karpychev,rkarpycheviv,6AABMiE6KFcc,1000
819984597,Dun Bassindale,dbassindaleiw,LXPGb018g,1000
115389424,Conchita Clines,cclinesix,uEXGgb,1000
409449281,Melina Gommery,mgommeryiy,HexKMl6nzOp,1000
651765035,Deana Castilljo,dcastilljoiz,kSxY0WYZN,1000
621188173,Elizabeth Candwell,ecandwellj0,6XpdNIB0B,1000
498508987,Terrijo Ettles,tettlesj1,qRcrtw,1000
904772977,Renard Antony,rantonyj2,TYShsvLNVCH,1000
199358862,Antin Pannaman,apannamanj3,ZXZzC9gv,1000
264155321,Sally Coveley,scoveleyj4,1FoRCreMlLRc,1000
339731899,Meryl Boxe,mboxej5,2WH2BEJ,1000
966831610,Marrilee Brabben,mbrabbenj6,xaJ3Oz,1000
506823417,Dewey Reinbech,dreinbechj7,jmGvD1JFA9I,1000
833063297,Faustine Leith-Harvey,fleithharveyj8,Zs272vng,1000
643309474,Lars Ruegg,lrueggj9,8HMBtMGLDQo4,1000
131363313,Derwin Luff,dluffja,CWNI7vix8Vr,1000
830699794,Carmon Hardwidge,chardwidgejb,UkLjbZ5M8O1n,1000
877067912,Mick Kibel,mkibeljc,VTEkZl5J,1000
759264699,Karlis Bezants,kbezantsjd,UCGFoPeUvbK4,1000
161189112,Butch Simla,bsimlaje,Vq5MmXJYtfs,1000
816655695,Zack Bleackly,zbleacklyjf,L9r2GBzv0nF,1000
365923990,Karlens Taylot,ktaylotjg,hX8esiI,1000
829784670,Benjamin Taw,btawjh,eDFJxR,1000
963246866,Johnnie Churms,jchurmsji,SCuYVZ820,1000
592097749,Brenda Spellacey,bspellaceyjj,0Yqm9T4,1000
814328432,Eimile Sautter,esautterjk,wBPQOwHwk,1000
744615905,Katusha Katzmann,kkatzmannjl,tIQVxhO,1000
273589802,Bibby Thorby,bthorbyjm,fS6Aw5F,1000
380502454,Reena Stubbs,rstubbsjn,k8pAsB52p,1000
940603673,Margie Haney,mhaneyjo,aYFPucphE,1000
758996238,Della Dreinan,ddreinanjp,LGgAkEn,1000
402688741,Kirsten Bladge,kbladgejq,vD9t9pdMKf5P,1000
770116190,Babbette MacTerrelly,bmacterrellyjr,xiiN3f6Du,1000
408136186,Gisele Bucknill,gbucknilljs,m91u8e,1000
980534790,Silvia Dymocke,sdymockejt,yAhTU42oHW,1000
705722245,Amble Chieze,achiezeju,mJpWuraGU4S,1000
572463875,Reagen Schenkel,rschenkeljv,4blffVVk,1000
775079914,Maura Zotto,mzottojw,jJK9njF72K,1000
575709028,Antons Ferminger,afermingerjx,hRG7Gc,1000
141392876,Alistair Clair,aclairjy,h2Ms4UNphDZ,1000
517909496,Ryon Fincke,rfinckejz,TPAsPG0YJY,1000
817093344,Del Bourdis,dbourdisk0,uz4C1m,1000
277699301,Breena Noddles,bnoddlesk1,0aac4x54sFC,1000
564431843,Cheslie Chislett,cchislettk2,0FtYjeP9MsI,1000
962575037,Delcina McEllen,dmcellenk3,Afa2YINf,1000
647846718,Dniren Besset,dbessetk4,stsXeipsA,1000
113875944,Irvine Grimsell,igrimsellk5,T7XSAWn3K3xp,1000
157612076,Jasmine Churchlow,jchurchlowk6,jLkwiqXN,1000
352493147,Anatollo Boultwood,aboultwoodk7,3KzHVT,1000
766971391,Pansy Champkins,pchampkinsk8,M62o5UQmg9Hd,1000
936859420,Carolus Beausang,cbeausangk9,K5vzPCfa,1000
296798145,Harman Georger,hgeorgerka,xhjWAVdyQ,1000
857613753,Agathe McKinnon,amckinnonkb,73UeVN4Eqz7,1000
478758245,Sarge Vaughn,svaughnkc,MJpKu5,1000
197611485,Ase Liebrecht,aliebrechtkd,6QaI5cL4,1000
292138456,Ingunna Alentyev,ialentyevke,QQ3bSsj,1000
850137923,Yoshi Gantz,ygantzkf,nJPtxyZA,1000
190320399,Lois O'Spellissey,lospellisseykg,ysgCtviZd,1000
243889694,Lorry O'Scully,loscullykh,YyPW8iqcLuNk,1000
558988769,Ingemar Brosi,ibrosiki,FcTYW9bze,1000
861678718,Loree Haggie,lhaggiekj,SmT774cmGk7M,1000
849843087,Kaylee Asmus,kasmuskk,ZvpBkN8ff,1000
469415199,Rayna Bignall,rbignallkl,d53LOfdX,1000
486444837,Trescha Carne,tcarnekm,UfPiFzXgWa,1000
260836136,Willi Bigmore,wbigmorekn,2Tr9K3,1000
906255788,Zolly Eskrigg,zeskriggko,2dceSUmn1tlM,1000
857625453,Julissa Crankhorn,jcrankhornkp,0XqUnSCQl3,1000
976675163,Deina McGowan,dmcgowankq,dCQUmPGWoWD0,1000
724698820,Karlik Ludford,kludfordkr,EqK9uQmMFz,1000
167285393,Yvon Tyrwhitt,ytyrwhittks,wLsWJhyKtdlB,1000
228618842,Malva Gavin,mgavinkt,BQaCvxCAyxK,1000
763720923,Catlee Babbe,cbabbeku,KSP3zbgznQT,1000
647670323,Luciano O'Heffernan,loheffernankv,jG44Zz,1000
317119761,Jena Dyne,jdynekw,WZZjtz,1000
938018902,Chrisy Redihalgh,credihalghkx,LNy9SgMnBZw,1000
630858813,Courtenay Moynihan,cmoynihanky,WwJ2Wt4,1000
764587448,Rafaelita Pleavin,rpleavinkz,j1V1CGJ,1000
580108131,Lonny Steinhammer,lsteinhammerl0,BAqtvHAZE,1000
608165582,Alisun Vasilik,avasilikl1,SPaR9JjN0gLL,1000
990064711,Deerdre Gillan,dgillanl2,zrzIyun0syN3,1000
980212063,Karney Pigney,kpigneyl3,o5L3IVNF,1000
422843539,Carter Hacquoil,chacquoill4,MbHS00USw,1000
892933916,Christy Bergin,cberginl5,KNOl8Jt,1000
386440758,Kikelia Kingswoode,kkingswoodel6,umZmYuhUcHP,1000
712960818,Alanna Ramirez,aramirezl7,VnmFLJrh7,1000
717411787,Athena Hickford,ahickfordl8,pe4lcbKv,1000
212576511,Bridget Bikker,bbikkerl9,ourGIK7n,1000
437409919,Johannes Echelle,jechellela,Hnbg0OHYk,1000
815208828,Malinde Kummerlowe,mkummerlowelb,ZPRXnGo,1000
840484324,Somerset Kausche,skauschelc,RJT1j1u,1000
215405863,Rodney Gervaise,rgervaiseld,4W3JPp24hRhn,1000
758553636,Goran Colebourne,gcolebournele,tteVoUpD2m6T,1000
709478789,Tedmund Chuney,tchuneylf,43Ea6EzKt,1000
502744348,Sianna Breakwell,sbreakwelllg,J7k758,1000
408586431,Ewart Cockerell,ecockerelllh,qWNIO74gQZe,1000
761604423,Latrina McGarrie,lmcgarrieli,F1Z6yO,1000
641067547,Cassandre Birdsall,cbirdsalllj,pqyHYPz3wIiT,1000
127253764,Ward Giggs,wgiggslk,fKqtsCA7,1000
139390067,Tiebout Garber,tgarberll,MCiI9VKf,1000
815706532,Angela Huey,ahueylm,BeC2yIpNU,1000
538461097,Kellyann Argont,kargontln,JLWl6dLyl,1000
836817366,Lotte Lantuff,llantufflo,Sp9IfxnU,1000
420162262,Jaclyn Shimoni,jshimonilp,3zmBpB11jF,1000
842033782,Cesya Lejeune,clejeunelq,rfnRrV7cd932,1000
456005651,Aloysia Pudding,apuddinglr,OrSuUJskw,1000
828432163,Brittni Faircliff,bfaircliffls,RVrGOLxhL,1000
281694606,Miriam Lory,mlorylt,UPs95bdmX,1000
223900844,Lisbeth McFadyen,lmcfadyenlu,4R9WwqS,1000
894249138,Wenda Chittem,wchittemlv,x5htjyGKlK,1000
612523601,Gherardo Berresford,gberresfordlw,U6HT2X3,1000
849494548,Bernardo Gabey,bgabeylx,I9igET,1000
434315854,Jacintha Sigert,jsigertly,us9VaEF,1000
400239988,Harvey Martinet,hmartinetlz,NBcq6w,1000
322012315,Esra Fraanchyonok,efraanchyonokm0,F3Q9tIYD4n,1000
470891380,Clive Redwin,credwinm1,5vahG6xost0b,1000
291476121,Gayleen Vannozzii,gvannozziim2,d6nsTLBWgUO,1000
801995443,Jordain Molloy,jmolloym3,LtWOJFWXAVn,1000
195051200,Curry Gooderham,cgooderhamm4,zAkq42J,1000
536983996,Ivie Rubinovitch,irubinovitchm5,l80nfh1,1000
682119080,Merrel Jordi,mjordim6,Td7XXNmhw3n,1000
909883386,Gerry Kores,gkoresm7,pa9ZFl,1000
227239898,Cecilia Jillions,cjillionsm8,naotd1H86Ju,1000
598329455,Elissa Normaville,enormavillem9,DVgsVY,1000
510450806,Vin Harpin,vharpinma,G8y0iO5Hwi6c,1000
262490113,Deonne McKevany,dmckevanymb,Yu1paTu6,1000
363100065,Neddy Addenbrooke,naddenbrookemc,uzlUh5XU,1000
613507881,Roberto Giblin,rgiblinmd,RSw5Cv9w,1000
350147024,Vanna Drew,vdrewme,wDwqis2q2Z,1000
587046936,Rice Tweedlie,rtweedliemf,Qw0W7Uz,1000
418478304,Gal Cutchie,gcutchiemg,0Cjpf8uD,1000
335081009,Deerdre Laffling,dlafflingmh,u72ABRHh0eNY,1000
540892354,Loretta Line,llinemi,h2mDPJL,1000
539669343,Fedora Gerty,fgertymj,Iny52EkqL,1000
913269256,Sophi Goldney,sgoldneymk,fY3ml87nvJlK,1000
801533792,Alexandre Farlane,afarlaneml,5rHnov7Jwqc,1000
196573933,Augustina Seifert,aseifertmm,70xIAmMn,1000
534760331,Ansley Bailles,abaillesmn,jDpIS1g,1000
852266388,Micky Smethurst,msmethurstmo,miFMdqWb,1000
116780478,Buddy Tomkin,btomkinmp,RNNxbtB,1000
702099128,Phoebe O'Towey,potoweymq,Lq5yAWhTmxZ,1000
283927353,Pietro Rosenshine,prosenshinemr,HFB6r333oBh,1000
381183753,Crysta Esterbrook,cesterbrookms,8sRGfE,1000
721555693,Aubree Bellham,abellhammt,ZDRLnD6Obf,1000
496815635,Marya Fewless,mfewlessmu,1jsDTlkLp,1000
222650590,Woody Heard,wheardmv,oaHxkT7x,1000
859498859,Iris Pfeffel,ipfeffelmw,9l9bx7viIUgu,1000
616554733,Clayson Jorissen,cjorissenmx,NQYwHYM,1000
754848845,Carmencita Blindermann,cblindermannmy,qykSEV9F3,1000
617573231,Oralle Impleton,oimpletonmz,jnZIyCBKq,1000
762614080,Carroll Perceval,cpercevaln0,uyJaOOE7Y,1000
617590051,Fancie Mandifield,fmandifieldn1,kZD78Kl,1000
520566406,Lukas Natalie,lnatalien2,BLJKcwXww3s,1000
836691779,Lannie Waterdrinker,lwaterdrinkern3,KNwFEHgbE,1000
923234831,Kyle Blas,kblasn4,eSNn8UGVs4Q,1000
130985627,Manny Andrini,mandrinin5,F9XNK9Sxmo,1000
871757942,Carolynn Bodycote,cbodycoten6,kuwBVkKbhDa,1000
972987083,Sidney Magowan,smagowann7,b8BiX21ZLA,1000
776493843,Idalina Arckoll,iarckolln8,cY1qdiQxVbMb,1000
246338396,Jehanna Cromett,jcromettn9,YRTaixRq,1000
807030343,Agna Daviddi,adaviddina,wyHcUJ8,1000
916974111,Ruprecht Glastonbury,rglastonburynb,pFxMaHhB,1000
990754456,Anabella Matveiko,amatveikonc,1Xbw2Pi8,1000
551132144,Bart Jancic,bjancicnd,Q9lyJxF4HL3,1000
802212088,Stevena Gilffillan,sgilffillanne,isQIicgavJ,1000
285125286,Anton Woodhead,awoodheadnf,R1JINwDLIIOf,1000
887977097,Carlynn Figura,cfigurang,LBNx927,1000
867888501,Mel Rogeon,mrogeonnh,1axf2X2b,1000
354672352,Clifford Donnison,cdonnisonni,SUpYZT0Hf,1000
261372704,Lewiss Draisey,ldraiseynj,7otkqfySp,1000
494510247,Gabriele Leiden,gleidennk,ORamC830,1000
949407960,Fredericka Davydychev,fdavydychevnl,vzRVjq,1000
982942382,Paulie Scamaden,pscamadennm,f85icOfvz0,1000
591753037,Shantee Melburg,smelburgnn,4NDaR9mvFO,1000
588366358,Bern Tudhope,btudhopeno,OJIPaFO6,1000
134428514,Xavier Cheales,xchealesnp,rXOugCFvCzw,1000
155933231,Carlin Crowth,ccrowthnq,RJtOkDG3S,1000
138100650,Welby Hedger,whedgernr,av36Y5c7E4zN,1000
360422626,Luella Midgley,lmidgleyns,5ea5p5QxRUN,1000
390026675,Doreen Learman,dlearmannt,RZ1SbFJhh,1000
890787767,Yuri Widdowfield,ywiddowfieldnu,Cy0wYuremSJC,1000
902347434,Umeko Streets,ustreetsnv,cuCtbu5e3BGA,1000
246666922,Kasey Lintot,klintotnw,SJC1RW914h,1000
738554315,Sibbie McComish,smccomishnx,UFXdYI,1000
895616412,Melisa Joret,mjoretny,AuVs7TEx9oG,1000
722726491,Si Baguley,sbaguleynz,TeHJrXic,1000
129847918,Kelsi Isaksen,kisakseno0,YmQJ0nXq2,1000
116283826,Zaccaria Glasby,zglasbyo1,CUL89Ef,1000
778824208,Allistir Doale,adoaleo2,koeN1x6RjQ,1000
812920704,Alverta Killingsworth,akillingswortho3,sr93off,1000
528743580,Isa Laurenzi,ilaurenzio4,YbFdwXB5QHW7,1000
880168493,Dasi Ickowics,dickowicso5,B952FLdTeIN,1000
171417408,Cedric Breed,cbreedo6,qcjejP5o43DI,1000
130176443,Tucky Moses,tmoseso7,QNnc3Fhv7p,1000
124479313,Noellyn Finlry,nfinlryo8,9PyHWxz5,1000
375187140,Marcella Leinster,mleinstero9,B0kv1DiSu96,1000
962395215,Rodi Goulding,rgouldingoa,ie3QjI9JXVsP,1000
249273626,Lonnard Maskrey,lmaskreyob,b2RbmKX,1000
868293382,Galven Escofier,gescofieroc,hLckA0OOTbNp,1000
776494653,Ervin Paal,epaalod,Y08DRiWkFo,1000
755453213,Ofella Gainsburgh,ogainsburghoe,TVDiOpRGd,1000
525123063,Mada Horley,mhorleyof,KnXVLSs,1000
426977871,Edithe Worsnup,eworsnupog,DZMZqvSu,1000
704748834,Norman Southby,nsouthbyoh,6cEAC8,1000
340021833,Patin Keeting,pkeetingoi,TvMDPVVG,1000
820826903,Ivette Pfaff,ipfaffoj,AVOcYjKOoUU,1000
950648919,Corella Pigram,cpigramok,UaCXhuGibYF,1000
170642481,Clair Swinden,cswindenol,Zcsa929L,1000
132920397,Burr Huton,bhutonom,yHuN5J1UTl88,1000
227097184,Judas Anlay,janlayon,6Qe7E5Is,1000
812691890,Leonidas Plimmer,lplimmeroo,7hzf5koNmft,1000
580928140,Farah Wixey,fwixeyop,PzOKEU,1000
263636796,Joana Biskupiak,jbiskupiakoq,2qw76gTYFaDq,1000
949564943,Tamqrah Glencrash,tglencrashor,0t4QHY,1000
461212357,Netty Dring,ndringos,0kZlguuJn,1000
350620942,Ediva Di Maria,ediot,dAKRwwILdB,1000
549523095,Ab Le Marquand,aleou,sPnvh7ZM,1000
404580870,Gasparo Maystone,gmaystoneov,4R4u55jEh,1000
193594415,Evangelia Junkison,ejunkisonow,eF2aAKg4aUM,1000
772704429,Stanley Bahls,sbahlsox,kb7SZ2sITxt,1000
228951295,Lila Markel,lmarkeloy,1rDobZ3R9,1000
902917186,Dulcinea Brandel,dbrandeloz,Wtlxt1,1000
394599230,Svend Kipling,skiplingp0,FxsuU0JA,1000
233346245,Milena Bosche,mboschep1,PPYBFgXA,1000
383817341,Cherlyn Fold,cfoldp2,YtdIHn2RN8b,1000
214347857,Winnie Gutteridge,wgutteridgep3,i70bOoqbfA,1000
786834462,Leontine Got,lgotp4,diKsGSVG3,1000
420837010,Davine Doornbos,ddoornbosp5,99kmots5YTai,1000
276016140,Oates Mongan,omonganp6,89SoJnMSJY3,1000
956220963,Leigh Cumbers,lcumbersp7,qbxSF3BTS,1000
907027002,Riki Alpine,ralpinep8,U33M0fNlA,1000
855774502,Binni Gosden,bgosdenp9,xH7vo3K0mD,1000
245471701,Zea McNeish,zmcneishpa,EDExp7yd,1000
659044046,Waly Dufaur,wdufaurpb,YCd2rFnM0EJM,1000
649245837,Emory Rennolds,erennoldspc,EddOxQOna29,1000
566785888,Lisette Cuerda,lcuerdapd,Yv6cOdwen,1000
956136119,Cordy Capnerhurst,ccapnerhurstpe,TNwqG5WMrL,1000
900683028,Hewitt Nettles,hnettlespf,qQXZYx0Ihmu,1000
201219470,Nerissa Janiszewski,njaniszewskipg,BiQZmeo,1000
552561461,Ardelis Bermingham,aberminghamph,gjAceK,1000
141047092,Edith Nunes Nabarro,enunespi,O6OPrLl78I,1000
799190449,Arley Glaum,aglaumpj,zjzpnAgF5Ci8,1000
520972396,Sallee Bastick,sbastickpk,xqpUkNIen,1000
807441985,Gusta Smitton,gsmittonpl,4kJm2Dk,1000
500485315,Raynor Pasterfield,rpasterfieldpm,cmGG5723fZOW,1000
404774315,Travis McCluney,tmccluneypn,PlNSotO94,1000
313530011,Toinette Macilhench,tmacilhenchpo,GnqBNpFkGZx,1000
594994932,Bennie Klimaszewski,bklimaszewskipp,5NOMtkreJ,1000
981910195,Helen Mapstone,hmapstonepq,wHLrcTUYWB,1000
473588732,Karolina Bound,kboundpr,uqIGE98834,1000
285345937,Leigh De Clairmont,ldeps,fEwsX4klec6E,1000
398646211,Julianna Danaher,jdanaherpt,EKoYnpBFd,1000
819671530,Annetta Kierans,akieranspu,CCTQW9,1000
469154674,Dulcea Stadden,dstaddenpv,PWPrS3VM,1000
478211214,Benton Beauvais,bbeauvaispw,xtSy3d,1000
255630445,Virginie Joye,vjoyepx,GexqsBN,1000
230820005,Simonette Stormes,sstormespy,pxuf77vO,1000
853413954,Pennie Fairholme,pfairholmepz,suG3VrjDqZR,1000
470563326,Leodora Corden,lcordenq0,zcjCjr,1000
321432614,Lester Timmins,ltimminsq1,klIDrtmXxgsN,1000
355907274,Germaine Leatt,gleattq2,Re7L8En6,1000
424772973,Maribelle Higbin,mhigbinq3,s6ksmzlB8,1000
386785902,Wilmer Bolland,wbollandq4,faAYWiiq,1000
683930645,Yankee Segges,yseggesq5,vSvob2CQo5,1000
952882613,Ibrahim Heavens,iheavensq6,N5XnxE,1000
488890925,Valencia Blaycock,vblaycockq7,n6JLU1,1000
557561246,Roanna Josefowicz,rjosefowiczq8,BjicBioad,1000
931764475,Mathew Kimberley,mkimberleyq9,MBhKXeL,1000
850642833,Astra Dyne,adyneqa,Mk4Mk2ldrqD,1000
965544960,Terza Blazynski,tblazynskiqb,0VJlsIecdbgW,1000
943514022,Maryjane Sage,msageqc,N8GWplRoxgWu,1000
651539369,Ange Rouch,arouchqd,NkBod7Z6FPtb,1000
349675156,Efrem Janota,ejanotaqe,Gs0SWBWID,1000
539275914,Reamonn Tolcher,rtolcherqf,1XUHVSoRI1j,1000
419806859,Charla Pidwell,cpidwellqg,XCbX8UwV88,1000
797375321,Glen Winkell,gwinkellqh,NPBMDdJ,1000
613091166,Ario Fliege,afliegeqi,HuwlJ4QAS,1000
196708536,Gale Rintoul,grintoulqj,Xs8BZ7b1,1000
350877090,Babette Roomes,broomesqk,U012kGzBt,1000
369299483,Olive Steinor,osteinorql,pAvPrY4h5o,1000
817968802,Fonzie Penrice,fpenriceqm,cEROZAHLGIty,1000
738029996,Loydie Poskitt,lposkittqn,qEZui4jumB,1000
884902583,Michaela Glasscock,mglasscockqo,g2VaUl,1000
495055600,Geoffrey Creek,gcreekqp,PkqzFuNw,1000
330339956,Andee Woolveridge,awoolveridgeqq,lqoRGTnK,1000
759034084,Gregory Witherup,gwitherupqr,VXAcnON,1000
421024262,Redford Wanderschek,rwanderschekqs,hAvpssMM,1000
570026755,Blayne Claeskens,bclaeskensqt,f4uopHT18yoJ,1000
950393770,Devon Coffin,dcoffinqu,nffEZVMR,1000
148928526,Noni Espinel,nespinelqv,bKajAtuuwu86,1000
209256662,Roxy Akister,rakisterqw,TiIBsL,1000
179551477,Jessey Campe,jcampeqx,gIEeDe4yxJ,1000
863814947,Lenore Smallshaw,lsmallshawqy,cmffwsIIlc,1000
926352247,Garret Henlon,ghenlonqz,HmRBdz52k,1000
154916645,Tabbitha Cassy,tcassyr0,HNgoPFm,1000
815637221,Ianthe Bagguley,ibagguleyr1,U56NQ3mtL4,1000
149571533,Berget Bellingham,bbellinghamr2,fyn85n6,1000
262509959,Elaine Do,edor3,kHakPiXHrdMe,1000
445510533,Salomone Scollick,sscollickr4,YZOdPBvpc8,1000
236878502,Tiffany Gornal,tgornalr5,cF6V7Fux,1000
356359437,Tome Graith,tgraithr6,Q5FWLLZ6bEWp,1000
419858151,Fletcher Kochlin,fkochlinr7,lj3NVp,1000
938886528,Paten Timmins,ptimminsr8,iuEGq2I,1000
969523910,Clywd Castagneto,ccastagnetor9,ri2LUtQXqi6,1000
898082742,Sheilakathryn Dearell,sdearellra,POFmwjd8HR,1000
769520146,Erica Brusin,ebrusinrb,WP8rHHB,1000
835323640,Vincenty Stickney,vstickneyrc,f47Tr9sul,1000
684885849,Danit Gillum,dgillumrd,Gmu8Xa,1000
222556751,Marchelle Gisbey,mgisbeyre,s1urivKPajjA,1000
312413045,Nolie Mullen,nmullenrf,rJCAunRrt,1000
267579230,Hugibert Pittson,hpittsonrg,s5SFbJKP3,1000
542932894,Jonell Winkell,jwinkellrh,V4HPznxUxqv,1000
600881968,Georgi Patifield,gpatifieldri,Zi9RgkivuL9,1000
989162367,Phaedra Djuricic,pdjuricicrj,DXs9xkST8xTl,1000
145622314,Kynthia de Guise,kderk,UUVw9kpSCOr,1000
556194420,Kacie Nattriss,knattrissrl,Xw78ZU9o,1000
679941563,Nissy Jerschke,njerschkerm,wsn0zHZw,1000
447143663,Abramo Altham,aalthamrn,KTR6sO3j99R8,1000
122387926,Neddie Edgington,nedgingtonro,K9pP5E,1000
397722066,Homer Sommerlin,hsommerlinrp,zzSwGf,1000
813810405,Tracey Winspur,twinspurrq,Wra8UOVypg2,1000
635978241,Sharl Salamon,ssalamonrr,ddSTDepB,1000